Konsulentrolle,Rollekategori,Kompetansekrav,Erfaringskrav,Konsulentegenskaper,Kundenavn,Bransje,Årstall
Ekstern kvalitetssikrer for Autosys Kjøretøy,Offentlig kvalitetssikring,"Dyp kompetanse fra tilsvarende oppgaver; erfaring med Statens prosjektmodell, PRINCE2, Prosjektveiviseren, Scrum, Kanban og DevOps","Inngående erfaring med prosjektstyring, kvalitetssikring; tidligere erfaring med Autosys Førerkort-prosjektet",Evne til å samarbeide med styringsgruppe og prosjekteier; god metodisk tilnærming,Statens vegvesen,Offentlig og stat,2015
Innkjøpsfaglig ansvarlig (Merkantil leder),Rådgivning teknisk,"Anskaffelsesstrategi, prekvalifisering, konkurransedokumenter, forhandlinger/ dialogledelse, krav-spesifisering, kontrakt, pris og risiko, samt evaluering av tilbud",Erfaring fra nasjonale anskaffelsesprosjekter for helseplattformer,,Helse Midt-Norge RHF,Helse,2015
Informasjonsarkitekt,Virksomhetsarkitektur,"Informasjonsforvaltning, grunndata og kodeverk",Erfaring med informasjonsarkitektur i omfattende implementeringsprosjekter,Evne til å sikre gjenbruk av informasjon,Helse Midt-Norge RHF,Helse,2015
Arkitekt for datamigrering,Løsningsarkitektur,Løsningskonsept for migrering av data,Erfaring med datamigrering fra flere systemer,,Helse Midt-Norge RHF,Helse,2015
MDM Løsningsetablering,Rådgivning teknisk,"Master Data Management, forvaltning av grunndata",Erfaring med MDM-løsninger i store helseinstitusjoner,Aktiv deltakelse i vurderinger rundt vedlikehold og IAM-tilgangsstyring,Helse Midt-Norge RHF,Helse,2015
Kvalitetssikrer SAMFIR prosjekt,Offentlig kvalitetssikring,"Risikostyring, digital transformasjon og virksomhetsutvikling",Erfaring med oppfølging av skatteetatens prosjekter og kvalitetssikring,"Evne til å sikre inntekter til fellesskapet, forhindre avgiftsunndragelser, forenkle innbyggere og næringsliv",Finansdepartementet,Offentlig og stat,2015
Prosjektleder for omorganisering og omstilling til Bjørvika,Prosjektledelse,"Kompetanse i organisasjonsutvikling, endringsledelse, prosjektledelse","Erfaring med lederstøtte, coaching, og omstillingsprosesser","Strategisk tenkning, evne til å lede komplekse prosesser, kommunikasjonsferdigheter","Oslo Kommune, Deichmanske Bibliotek",Kommuner,2016
Endringsleder for Deichmans flytting til Bjørvika,Endringsledelse,"Kompetanse i endringsledelse, HR, personalarbeid","Erfaring med kompetanseutvikling, lederstøtte, utvikling av arbeidsprosesser","Analytisk, strukturert, problemløser","Oslo Kommune, Deichmanske Bibliotek",Kommuner,2016
Prosjektleder for dokumenthåndtering og informasjonsforvaltning,Prosjektledelse,,,,Ruter AS,Offentlig og stat,2016
Prosjektleder for anskaffelse av sak-/arkivsystem,Prosjektledelse,Prosjektleder for anskaffelse etter to-trinns prosedyre for kjøp etter forhandlinger,Erfaring med prosjektledelse og faglig rådgivning i implementering av NOARK 5-systemer,"Ansvar for prosjektledelse, forhandlingsledelse og faglig rådgivning",Helse Nord RHF,Helse,2016
Rådgiver for innføring av sak-/arkivsystem,Rådgivning teknisk,"Rådgivning på systemets funksjon, plattform, sikkerhet og vedlikehold",Erfaring med å lede innføring av systemer og spesialkompetanse innen NOARK,Evne til kompetanseoverføring og ledelse av workshops,Helse Nord RHF,Helse,2016
Kvalitetssikring folkeregisteret,Offentlig kvalitetssikring,,,,Finansdepartementet,Offentlig og stat,2016
Management for Hire – Group CIO,Midlertidig lederrolle,Kompetanse innen IT-strategi og ledelse av nyopprettet enhet på konsernnivå.,Erfaring med utarbeidelse og implementering av IT-strategi. Erfaring med ledelse av arbeidsprosesser og forhandlinger innen IT-tjenester.,"Egenskaper i å lede, implementere strategier, forhandle, og bistå med prosessautomatisering.",Recover Nordic Danmark,Handel og industri,2016
Prosjektleder OOS – Ny plattform for SOB,Prosjektledelse,"Konkretisere juridiske, kommersielle og tekniske forhold for mobil billettering",Erfaring med å drive prosesser for nødvendige avtaler i samarbeid med fagmiljøer,,Ruter,Offentlig og stat,2016
PL,Programledelse,Implementering av nytt skadeforsikringssystem,Tidligere erfaring med prosjekt- og programledelse innenfor IT-prosjekter,"Gode lederegenskaper, evne til å håndtere komplekse prosjektmiljøer",DNB,Bank og forsikring,2017
Rådgiver for ledelsen,Rådgivning forretning,Rådgivning i etablering av ny drifts og forvaltningsorganisasjon,Erfaring med rådgivning på ledelsesnivå innen finans og IT,"Strategisk tenkning, sterke kommunikasjonsevner",DNB,Bank og forsikring,2017
Prosjektleder for detaljprosjekt HR-løsninger,Prosjektledelse,,,,Hias IKS,Kommuner,2017
Rådgiver for etatsutskillelse hos Deichmanske bibliotek,Rådgivning forretning,Ekspertise i organisasjonsstruktur og HR,Erfaring med organisasjonsforandring og HR-prosesser,"Strukturert, analytisk og god på endringsledelse",Oslo Kommune-Kulturetaten,Kommuner,2017
Prosjektleder og prosjektmedarbeider innen forvaltningsrevisjon,Prosjektledelse,"Rådgivning, planlegging, etablering av undersøkelsesopplegg, gjennomføring av datainnsamling, analyse, vurdering og rapportering",Erfaring med prosjektledelse og revisjon av forvaltningsrevisjonsoppdrag,,"Oslo kommune, Kommunerevisjonen",Kommuner,2017
Program- og prosjektledelse av IT Sikkerhetsprogrammet,Programledelse,Program for heving av modenhetsnivået innen IT-sikkerhet,"Utvikling og anskaffelse av støtteverktøy, sikkerhetsprosedyrer og oppbygging av IT sikkerhetsorganisasjonen",Ingen spesifikke egenskaper nevnt,Norges bank,Bank og forsikring,2017
Prosjektleder for utarbeidelse av kravspesifikasjon,Prosjektledelse,,,,Conecto AS,Bank og forsikring,2017
Kursholder i Endringsledelse (ACMP),Kurs og opplæring,Erfaring med ACMP Standard for endringsledelse,Både for erfarne endringsledere og de som trenger et strukturert metodeverk,,Holte Academy,Handel og industri,2017
Lederstøtte for Oslo Kommune-Kulturetaten,Midlertidig lederrolle,,,,Oslo Kommune-Kulturetaten,Kommuner,2017
Porteføljestyring av digitaliseringsprosjekter,Prosjektledelse,Kunnskap om etablering av prosess og styringsform for porteføljestyring innen digitaliseringsprosjekter,Erfaring med oppstart og gjennomføring av digitaliseringsprosjekter,,Lørenskog kommune,Kommuner,2017
Prosjektleder Kjernejournal,Prosjektledelse,,,,Direktoratet for e-helse,Helse,2017
Seniorrådgiver nasjonal e-helseportefølje,Rådgivning forretning,"Kompetanse innen prosessforbedring, verktøysutvikling og analyse for nasjonal e-helseportefølje.","Senior erfaring med å utvikle robuste, enhetlige og brukervennlige prosesser og verktøy.","Helhetlig og analytisk tilnærming, evne til å videreutvikle verktøy og analyser.",Direktoratet for e-helse,Helse,2017
Utvikling av gevinstrealiseringsplaner og finansieringsmodell for Dataporten GO,Økonomi og analyse,Erfaring med samfunnsøkonomisk analyse og gevinstrealisering,Dokumentert erfaring med utarbeidelse av gevinstrealiseringsplaner og finansieringsmodeller,Evne til å jobbe i tett dialog med prosjektgrupper,Senter for IKT i utdanningen,Utdanning,2017
Rådgiver,Rådgivning forretning,"Kompetanse innen porteføljestyring, nasjonal e-helsestrategi, økonomistyring, gevinststyring, leverandørstyring, finansiering, og verktøy som MoP-rammeverket og Zoho Creator.",Erfaring med utvikling og forvaltning av porteføljestyring og kjennskap til helse- og omsorgssektoren.,Strategisk tenkning og evne til operativt samarbeid.,Direktoratet for e-helse,Helse,2017
Porteføljekontor,Prosjektledelse,"Kompetanse innen rapportering, prioritering, balansering og planlegging.","Erfaring med utvikling av mål, metodikk og prosesser for porteføljestyring.",Evne til samarbeid og informasjonsdeling med ulike aktører.,Direktoratet for e-helse,Helse,2017
Utvikling Zoho Creator,Utviklingsrolle,Kompetanse i bruk av lavkodeverktøy som Zoho Creator.,Erfaring med utvikling av digitale verktøy for porteføljestyring.,Teknisk dyktighet og forståelse for verktøyutvikling.,Direktoratet for e-helse,Helse,2017
Prosjektleder for implementering av satsingen på et utvidet tilbud til barn og ungdom,Prosjektledelse,"Erfaring med virksomhetsstyring, porteføljestyring, prosjektstyring, IKT governance, digitalisering, endringsledelse, rekruttering, kompetanseutvikling, sourcingstrategier, styring og kommunikasjon, virksomhetsarkitektur","Tidligere erfaring med topplederstøtte og rådgivning, ledelse av porteføljekontor, prosjektlederstøtte, prosessbistand, planlegging og gjennomføring av workshoper, samt dokumentasjon","Utviklingsorientert, sterk ledelse og styring, strategisk utvikling, operativ bistand","Oslo kommune, bydel Stovner",Kommuner,2017
Prosjektleder for organisering av Arbeidstilsynet,Prosjektledelse,,,,Arbeidstilsynet,Offentlig og stat,2017
Prosjektleder for Elise prosjektet,Prosjektledelse,"Erfaring med prosjektledelse, kjennskap til digitale samhandlingsløsninger","Erfaring med konseptfase, plan- og gjennomføringsfasene av prosjekter","Evne til å lede digitale utviklingsprosjekter, samarbeidsorientert","Oslo kommune, Sykehjemsetaten",Kommuner,2018
Prosjektleder for Arbeidstilsynets organisering,Prosjektledelse,Kompetanse i virksomhetsstyring og prosesskartlegging,Erfaring med evaluering av organisasjon og gjennomføring av workshoper,Evne til å fasilitere og lede strategiprosesser,Arbeidstilsynet,Offentlig og stat,2018
delprosjektleder administrative systemer,Prosjektledelse,,,,Drammen kommune,Kommuner,2018
Prosjektleder for EPJ-løftet,Prosjektledelse,"Utvikling av IKT-verktøy, konseptutvikling, anskaffelsesmetodikk, teknologiske trender","Erfaring med prosjektledelse i helsesektoren, koordinering av koronatiltak, delprosjekthåndtering","Evne til å samarbeide i trepartssamarbeid, følge opp leverandører og brukerrepresentanter, risikohåndtering",Direktoratet for e-helse,Helse,2018
Gevinstrealiseringskonsulent for ISOP,Rådgivning forretning,"Grunnlagsdokumentasjon for gevinstrealiseringsarbeidet, herunder gevinstoversikt, gevinstrealiseringsplan, nullpunktsmålinger, budskapsutvikling knyttet til gevinster, KPI-bank","Erfaring med gevinstrealisering i henhold til DFØs veileder og APMGs Managing Benefits-rammeverk, erfaring med kommunikasjon, og endringsledelse","Koordinere, bistå og videreutvikle arbeidet med gevinstrealisering for flere prosjekter",Helse Sør-Øst RHF,Helse,2018
Kvalitetssikrer for MADS-prosjektet,Offentlig kvalitetssikring,Kunnskap om virksomhetsarkitektur og Gartners modenhetsmodell for virksomhetsarkitektur,Erfaring med vurdering av prosjektgjennomføring opp mot IKT reglementet og Prosjektveiviseren,"Analytiske evner, evne til å vurdere kompleks prosjektgjennomføring","Oslo kommune, bydel Stovner",Kommuner,2018
Løsningsarkitekt for Identitets- og tilgangsstyring ISOP,Virksomhetsarkitektur,"Helhetlig IAM løsninger, arkitekturrådgivning, dokumentasjon, krav/støtte til leverandører","Erfaring innen styrket tilgangsstyring, arkitekturutvikling, regionale og nasjonale prosjekter","Evne til å utvikle, oppdatere, og ta i bruk metodeverk, forankret målarkitektur",Helse Sør-Øst RHF,Helse,2018
Løsningsarkitekt låneforvaltning,Løsningsarkitektur,"Må ha kompetanse innen kravanalyse, spesifikasjon, modellering av forretningsprosesser og regler ved hjelp av BPMN og DMN, funksjonalitet og domene ved hjelp av UML.","Erfaring med anskaffelse og implementering av systemer, samt forhandlinger og avtaleinngåelse.",Ingen spesifikke egenskaper nevnt.,Husbanken,Bank og forsikring,2018
Prosjektleder for prosjektet MtV (fra Mitt til Vårt),Prosjektledelse,"Kompetanse i valg av IT-løsninger som SharePoint, kravspesifikasjon, designavklaringer, migreringsplanlegging, opplæring av ansatte og onboarding.",Erfaring med prosjektledelse for IT-implementering i bank- og finanssektoren.,,Bits AS,Bank og forsikring,2018
Prosjektleder for ny skadeløsning,Prosjektledelse,Kravspesifikasjon og opphandling erfaring innen skadeforsikring,Erfaring med prosjektledelse og kvalitetssikring innen bank og forsikring,Gode lederegenskaper og evne til å sikre kvalitet,Sparebank1 Forsikring,Bank og forsikring,2018
Kvalitetssikrer for ny skadeløsning,Test og kvalitetsikring,Kunnskap om kvalitetssikring i skadeforsikring,Erfaring med kvalitetssikring innen bank og forsikring,Detaljorientert og fokus på kvalitet,Sparebank1 Forsikring,Bank og forsikring,2018
Program Manager for IT Transformation (ONE_IT),Programledelse,"Skal ha erfaring med prosjektledelse knyttet til en rekke ulike prosjekter, herunder implementering av nye systemer og migrering av porteføljer.",Ukjent,Ukjent,Santander,Bank og forsikring,2018
Prosjektleder for ANPR-prosjektet,Prosjektledelse,"Vurdering av anbud, risikoanalyse, GDPR-analyse, etablere planer og metodikk","Erfaring med prosjektledelse, koordinering med offentlige etater, testledelse",,Tolldirektoratet,Offentlig og stat,2018
Prosjektleder for Norsk helsearkiv,Prosjektledelse,"Innkjøpsfaglig rådgivning, rådgivning innenfor valg av teknologi og arkitektur, planlegging av anskaffelser og utarbeidelse av anskaffelsesstrategi, tilpasninger av generelle avtalevilkår i statens standardavtaler","Prosjektledelse for anskaffelser, sikre fremdrift, gjennomføring av offentlige anskaffelser iht regelverket","Ryddighet, ansvarlighet, evne til å gjennomføre prosjektledelse og rådgivning",Arkivverket,Offentlig og stat,2018
Prosjektleder for MADS,Prosjektledelse,,,,"Oslo kommune, bydel Stovner",Kommuner,2018
Prosjektleder EPJ-løftet,Prosjektledelse,Ingen spesifikke kompetansekrav nevnt,Ingen spesifikke erfaringskrav nevnt,Ingen spesifikke egenskaper nevnt,Direktoratet for e-helse,Helse,2018
Prosjektleder fusjon Eika Banker,Prosjektledelse,,,,Eika Gruppen AS,Bank og forsikring,2018
Hovedprosjektleder for IKT-prosjektet i Nye Drammen,Prosjektledelse,"Kunnskap om ledelse av store IKT-prosjekter, erfaring med prosjektstyringsverktøy som Jira, PRINCE2, Prosjektveiviseren, ITIL",Erfaring som prosjektleder for store sammenslåingsprosjekter i offentlig sektor,Sterkt overordnet ansvar for prosjektets leveranser,Drammen kommune,Kommuner,2018
Delprosjektleder for administrative systemer i IKT-prosjektet,Prosjektledelse,Ekspertise innen administrative systemer med forbindelse til andre delprosjekter,Erfaring med å lede komplekse prosjekter angående administrasjonssystemer i kommunesektor,Evne til å lede omfattende og kritisk prosjektarbeid,Drammen kommune,Kommuner,2018
Delprosjektleder for tekniske systemer i IKT-prosjektet,Prosjektledelse,Spesialisert kunnskap om tekniske systemer i offentlig sektor,Erfaring fra prosjekter med implementering av tekniske systemer i kommuner,Dyktig i teknisk prosjektledelse innenfor offentlig sektor,Drammen kommune,Kommuner,2018
Kommunikasjonsansvarlig for IKT-prosjektet,Rådgivning forretning,Kompetanse i kommunikasjonsarbeid og prosjektrådgivning,Erfaring fra kommunikasjonsarbeid i store prosjektsettinger,Sterke kommunikasjons- og samarbeidsegenskaper,Drammen kommune,Kommuner,2018
Samfunnsøkonom,Økonomi og analyse,"Konsulenten må ha kompetanse innen samfunnsøkonomisk analyse, veileder for samfunnsøkonomisk analyse (DFØ), Statens prosjektmodell, og bruk av verktøy som @Risk for usikkerhetsanalyse.","Konsulenten må ha erfaring med kartlegging av dagens situasjon, vurdere og verdsette nytte- og kostnadsvirkninger, samfunnsøkonomisk lønnsomhet, usikkerhetsanalyse og fordelingsvirkninger.",,Direktoratet for e-helse,Helse,2018
Kvalitetssikring tilpasset KVU,Offentlig kvalitetssikring,Kunnskap om konseptvalgutredning og offentlig kvalitetssikring,Erfaring med kvalitetssikring av offentlige prosjekter,,Statistisk Sentralbyrå (SSB),Offentlig og stat,2018
Usikkerhetsanalyse Visma FLYT Skole,Offentlig kvalitetssikring,,,,Vigo IKS,Kommuner,2018
Utredningstjenester tilknyttet oppsigelse av tjenesteavtale,Rådgivning forretning,"Kompetanse i utarbeidelse av utredninger for tjenesteavtaler, inkludert innkjøp, arkiv, IKT, regnskap, HR, personaladministrasjon og lønn.",Erfaring med å bistå i oppsigelsesprosesser og konsekvensutredninger for kommuner.,,Hias IKS,Kommuner,2018
Prosjektleder for OneIT Core Banking Harmonization prosjekt,Prosjektledelse,,,,Santander,Bank og forsikring,2019
Prosjektleder for prosjekt NoPeK,Prosjektledelse,"Erfaring med teknisk og funksjonell kravspesifikasjon utarbeidelse, kommersielle forhandlinger og evaluering av IT-løsninger innen pensjonssektoren",Tidligere prosjekter med anskaffelse og implementering av kjernesystemer i bank og forsikring,Evne til å lede workshops og samarbeid med flere store aktører i finanssektoren,Sparebank1 Forsikring,Bank og forsikring,2019
Prosjektleder for Kunnskapsportalprosjektet,Prosjektledelse,,,,Senter for oljevern og marint miljø,Offentlig og stat,2019
Prosjektleder og prosjektmedarbeider innen forvaltningsrevisjon,Prosjektledelse,"Kunnskap om forvaltningsrevisjon, utarbeidelse av rapport og notat til kontrollutvalget, revisjonskriterier, datainnsamling, analyse og vurderinger",Erfaring som prosjektleder og prosjektmedarbeider i forvaltningsrevisjon,"Evne til samarbeid med Kommunerevisjonens ansatte, selvstendig gjennomføring av oppdrag","Oslo kommune, Kommunerevisjonen",Kommuner,2019
Controller,Økonomi og analyse,Kunnskap om økonomimodeller og budsjettprognoser,"Erfaring med implementering av økonomimodell, utvikling av budsjett- og prognosemodeller",,Direktoratet for e-helse,Helse,2019
Prosjektleder for forprosjekt for ny nordisk IT-løsning,Prosjektledelse,,,,Santander,Bank og forsikring,2019
Funksjonell arkitekt i EDiT programmet,Virksomhetsarkitektur,"Utforming av løsninger, integrasjoner og tjenester","Erfaring med prosjektgjennomføring i henhold til Prosjektveiviseren til DIFI, og erfaring med integrasjonsplattformer som HINT.","Nøyaktighet, evne til å håndtere komplekse IT-løsninger og samarbeidsevner.",Helsedirektoratet,Helse,2019
HR utvikling,Rådgivning forretning,"Bistand til gjennomføring av organisasjons-, leder og kompetanseutviklingstiltak. Utvikling av intern prosjektmodell og prosjektmetodisk arbeidsform.",Erfaring med å utvikle og gjennomføre utviklingsprogram og prosjektmodeller.,"Evne til å skape resultater, fokus på egen utvikling, rolleforståelse, lederegenskaper.",Advokatfirmaet Haavind,Handel og industri,2019
Programkontorleder/assisterende programleder,Programledelse,,,,Helse Sør-Øst RHF,Helse,2019
Prosjektleder for kontanthåndtering,Prosjektledelse,Erfaring med prosjektledelse innen banksektoren og kunnskap om kontanthåndtering.,"Erfaring med fasilitering og ledelse av møter, prosjektplanlegging, og rapportering.",God på samarbeid og kommunikasjon med ulike aktører i bransjen.,Bits AS,Bank og forsikring,2019
Intern kvalitetssikrer og rådgiver,Offentlig kvalitetssikring,,,,Finansdepartementet,Offentlig og stat,2019
Kvalitetssikrer for ITS-Pilotprogrammet,Test og kvalitetsikring,Kompetanse innen prosjektprosesskvalitetssikring og styring av ITS-programmer.,"Erfaring med kvalitetssikring av prosjektprosesser, styringsdokumenter, prosjektplaner, og gjennomføring av helsesjekker.",Gode kommunikasjonsferdigheter og evne til å etablere selvstendige vurderinger.,Statens vegvesen,Offentlig og stat,2019
Kvalitetssikring og ledelsesrådgivning,Offentlig kvalitetssikring,"Kompetanse i kvalitetssikring av IT-prosjekter, forståelse for offentlige felleskomponenter og IT-arkitekturprinsipper.","Erfaring med kvalitetssikring av store IT-prosjekter, særlig i offentlig sektor, og oppfølging av kompleks prosjektportefølje.","Gode rådgivnings- og kommunikasjonsferdigheter, analytisk evne til å vurdere prosjektstatus og gi anbefalinger.",Finansdepartementet,Offentlig og stat,2019
Prosjektleder for DiffIT – virksomhetskritiske systemer,Prosjektledelse,,,,Norges Bank,Bank og forsikring,2019
Ansvarlig for PMO,Programledelse,,,,Santander,Bank og forsikring,2019
Prosessleder terminologi i EPJ,Prosessledelse og fasilitering,,,,Direktoratet for e-helse,Helse,2019
Prosjektleder Digital modenhet,Prosessledelse og fasilitering,"Digital basiskompetanse, samarbeid, data og analyse, innovasjon, kundeinnsikt",Erfaring med digital modenhetsanalyse og utvikling av kompetansetiltak,"Trygghet, inspirasjon, praktisk materiell utvikling",Lånekassen,Offentlig og stat,2019
Prosjektleder for DIS-prosjektet,Prosjektledelse,"Kunnskap om prosjektveiviseren, erfaring med MS Excel, Word og Powerpoint",Erfaring med utviklingsprosjekter for ny funksjonalitet på innbyggerportaler som Helsenorge,Ikke spesifisert,Direktoratet for e-helse,Helse,2019
Prosjektleder MF Helse kommune,Prosjektledelse,,,,Direktoratet for e-helse,Helse,2019
Kursvirksomhetsarkitekt,Kurs og opplæring,Kompetanse i virksomhetsarkitektur for kursutvikling,Erfaring med utvikling og avholdelse av kurs i virksomhetsarkitektur,Evnen til å bygge forståelse for virksomhetsarkitektur og virksomhetsplanlegging,"Oslo kommune, bydel Stovner",Kommuner,2019
Teamleder D3-D,Prosjektledelse,"Kompetanse på helsefag, digitalisering/IKT, bærekraft, anskaffelse og innkjøp","Erfaring med offentlig anskaffelse, prosjektledelse, endringsledelse","God lederegenskaper, planlegge og lede anskaffelsen, sikre fremdrift og avklaringer",Drammen kommune,Kommuner,2019
Prosess- og prosjektlederstøtte for velferdsteknologisk knutepunkt,Prosjektledelse,"Utvikling av arkitektur innen velferdsteknologi, integrasjon med nasjonale arkitekturprinsipper, rapportstrukturering, analyse for ressursberegninger, forvaltning, juridisk vurdering, løsningsdesign og standarder.","Erfaring med å gjennomføre prosjekter i samarbeid med kommuner, og arbeid mot eksterne aktører som KS, kommuner, leverandører og Norsk Helsenett.","Nøyaktighet i rapportstrukturering og ferdigstilling, analytiske ferdigheter for analyse og utvikling av anbefalinger, risikoreduksjon evner.",Direktoratet for e-helse,Helse,2019
Prosessleder for kunstig intelligens utredning,Prosessledelse og fasilitering,"Kunnskap om kunstig intelligens og helse, erfaring med utredning og strategiplanlegging","Erfaring med prosessledelse og gjennomføringsstøtte, spesielt innen helse-sektoren",Evne til å gjennomføre møter og koordinere med eksterne aktører,Direktoratet for e-helse,Helse,2019
Virksomhetsarkitekt,Virksomhetsarkitektur,"Rådgivning IT, Virksomhetsarkitektur, Management for hire, GDPR compliance, strategi for Data Driven Banking",Ukjent,Ukjent,Morrow Bank ASA,Bank og forsikring,2019
Virksomhetsarkitekt for GDPR,Virksomhetsarkitektur,Compliance inkludert tilpassing til nye forskrifter som GDPR,Erfaring med GDPR compliance og strategiutforming,Strategisk styring og koordinering,Morrow Bank ASA,Bank og forsikring,2019
Leder for Data Driven Banking strategi,Virksomhetsarkitektur,Kunnskap om datadrevne strategier og dataforvaltning,Erfaring med å utvikle og implementere datadrevne strategier,Evne til å lede strategiarbeid og evaluere leverandører,Morrow Bank ASA,Bank og forsikring,2019
Prosjektleder for prosjekt REX,Prosjektledelse,Erfaring med produktutvikling og prosjektledelse,Gjennomføring av prosjekter innen kort tidsramme,Evne til å se prosjekter fra start til produksjon,Morrow Bank ASA,Bank og forsikring,2019
Sjefsarkitekt og leder for IT-arkitektur,Virksomhetsarkitektur,Strategisk styring av arkitekturavdeling,Bred erfaring med IT-arkitektur og integrasjoner,Strategisk tenking og ledelse,Morrow Bank ASA,Bank og forsikring,2019
Interim leder for avdeling ‘Data’,Midlertidig lederrolle,Kunnskap om datavarehus og kjernedata løsninger,Erfaring med interim ledelse og strategisk styring,Ledelsesevner og strategisk planlegging,Morrow Bank ASA,Bank og forsikring,2019
Bistand KVU 100% prosjektet,Offentlig kvalitetssikring,"Rådgivning, Kvalitetssikring",,,Brønnøysundregistrene,Offentlig og stat,2020
Prosjektleder for organisering av digitale støttetjenester,Prosjektledelse,"Kompetanse i organisasjonsutvikling og digitalisering, kjennskap til DIFI Prosjektveiviseren, PRINCE2, Endringsledelse ACMP","Erfaring med kartlegging, analyse og vurdering av organisasjoner, erfaring med involveringsplaner og utarbeidelse av løsningsmodeller","God samarbeidsevne, evne til å gjennomføre kartlegging og definere prinsipper for organisering",OsloMet,Offentlig og stat,2020
Prosjektleder/Fasilitator for styringssystem utvikling,Prosjektledelse,Kunnskap om styringssystemer og IT-tjenesteporteføljestyring.,Erfaring som prosjektleder og fasilitator innen IT og styringssystemutvikling.,"God kommunikasjonsevne, planleggings- og koordineringsevner.",OsloMet,Offentlig og stat,2020
Porteføljestyringskonsulent,Prosjektledelse,"Kompetanse innen porteføljestyring, MOP-rammeverket, MSP, Prosjektveiviseren, MS Excel, Word, PowerPoint.",Erfaring med videreutvikling av porteføljestyring og rapportering innen nasjonal e-helseportefølje.,,Direktoratet for e-helse,Helse,2020
Rådgivning til Finansdepartementet relatert til Treff-satsingen,Offentlig kvalitetssikring,"Prosjektstyring, eierstyring, risikostyring, leveransestyring, rådgivning, kvalitetssikring, statens prosjektmodell og statlig kvalitetssikringsordning",Ukjent,"Uavhengige vurderinger, gi råd og anbefalinger til Finansdepartementet",Finansdepartementet,Offentlig og stat,2020
Prosjektleder CSDR søknadsprosessen og CSDR Reconciliation,Prosjektledelse,,,,Verdipapirsentralen,Bank og forsikring,2020
Prosjektleder for CSOC/Sikkerhet,Prosjektledelse,"Kunnskap om IT-sikkerhet, sikkerhetsovervåkning og prosjektstyring","Erfaring med planlegging, ledelse og samordning av flere prosjekter; erfaring med IT-sikkerhet","Ansvarlig, samordningsevne, evne til å lede og iverksette tiltak ved avvik",Norges bank,Bank og forsikring,2020
Programledelse for 'Den gode studentopplevelsen',Programledelse,Rådgivning innenfor programstyring og endringsledelse,"Bidra i konseptutvikling og kartlegging for programmene, samt realisere og synliggjøre gevinster og effekter","Evne til å styrke OsloMets evne til god studentopplevelse, digital transformasjon, samt forbedre IT-tjenester",OsloMet,Offentlig og stat,2020
Leder for funksjonell strøm,Virksomhetsarkitektur,"Analyse og design av funksjonelle løsninger, kjennskap til aktuarielle beregninger, verifikasjon av systemkapabiliteter","Deltakelse i spesifikasjons- og kvalifikasjonsfaser, erfaring med implementeringsprosjekter og workshops","Rådgiverkompetanse, ledelsesevner, fasilitering av prosesser",Sparebank1 Forsikring,Bank og forsikring,2020
Rådgiver i etatsoppfølging for Helsedataprogrammet,Rådgivning teknisk,"Kompetanse i kvalitetssikring og ledelsesrådgivning, samt erfaring med oppfølging av digitaliseringstiltak","Erfaring med å utforme krav til rapportering, evaluering av månedsrapporter og deltakelse i statusmøter",Evne til å gi strategiske og forretningsmessige vurderinger og anbefalinger,Helse- og omsorgsdepartementet,Helse,2020
Prosjektstøtte IT Service Management,Prosessledelse og fasilitering,"Erfaring med IT Service Management, kjennskap til ITIL-prinsipper, teknisk oppsett av Service Management portaler","Samhandling i prosjektteam, fasilitering av møter, endringsaktiviteter, teknisk oppsett","Evne til å fasilitere samarbeid, organisering, teknisk dyktighet",Santander,Bank og forsikring,2020
Administrativ støtte på tvers av prosjekter,Prosessledelse og fasilitering,"Erfaring med prosjektregnskap, kostnadsprognoser, administrasjon av dokumentasjon","Administrativ støtte, prosjektregnskap, intern funding-prosess","Administrativ dyktighet, evne til å strukturere og kvalitetssikre",Santander,Bank og forsikring,2020
Forarbeid migrering av Sharepoint 2013 on-prem,Prosessledelse og fasilitering,"Erfaring med SharePoint migrering, prosjektorganisering","Organisere prosjektteam, fasilitere samarbeid med eksterne partnere","Organisatoriske ferdigheter, evne til å involvere og følge opp",Santander,Bank og forsikring,2020
Prosjektleder for modernisering av IKT,Prosjektledelse,"Kompetanse i konseptvalgutredning (KVU) i henhold til statens prosjektmodell, digitaliseringsprosjekter, og veiledninger som Rundskriv R-108/19.","Erfaring med å planlegge, lede, gjennomføre og koordinere arbeid i statlige prosjektmodeller, samt strategisk rådgivning og utarbeidelse av grunnlagsmateriale for offentlig sektor.","Evne til strategisk rådgivning, ledelse, planlegging og koordinering, samt presentasjon for styrende enheter.",Utlendingsdirektoratet - UDI,Offentlig og stat,2020
Ekstern kvalitetssikrer for Akson-programmet,Offentlig kvalitetssikring,Kunnskap om statens prosjektmodell og kvalitetssikring av store investeringsprosjekter.,Erfaring med utarbeidelse av kostnads- og usikkerhetsanalyser i henhold til KS2 retningslinjer.,Evne til å utføre helhetlig modellvurdering og risikoanalyser.,Finansdepartementet,Offentlig og stat,2020
Leder av programkontoret / Ass. programleder,Programledelse,,,,Helse Sør-Øst RHF,Helse,2020
Digitaliseringsrådgiver og Agile Coach,Lede agilt team,Kunnskap om Prosjektveiviseren.no og digitalisering,Erfaring med å innføre prosjektmetodikk og lede utviklingstiltak,"Evne til å etablere rutiner for team-building, møtefasilitering og kontinuerlig forbedring",LO,Handel og industri,2020
Operativ prosjektleder,Prosjektledelse,,Erfaring som prosjektleder i digitaliseringstiltak,,LO,Handel og industri,2020
Områdeleder Samhandling,Prosjektledelse,,,,Norsk Helsenett SF,Helse,2020
Områdeprodukteier HelseID,Produkt- og tjenesteansvar,"Evne til å opprette og vedlikeholde produktstrategier, veikart og leveranseplaner",Konsulent må ha erfaring med oppfølging av produktstrategi og prosjektstyring,"Proaktiv, god på risikohåndtering, og evne til å skape effektiv samhandling",Norsk Helsenett SF,Helse,2019
Operativ produktansvarlig (PA) for dagens grunndataplattform,Produkt- og tjenesteansvar,,,,Direktoratet for e-helse,Helse,2020
IAM Prosjektleder for Eika Gruppen,Prosjektledelse,"Kompetanse i påloggings-, identifikasjons- og tilgangsstyring, erfaring med Azure Active Directory og Dynamics 365","Erfaring med koordinering av leveranser fra eksterne leverandører og interne arbeidsgrupper, erfaring med fasilitering av workshops, erfaring med prosjektøkonomioppfølging",Evne til å lede spredte team over Skype og Microsoft Teams,Eika Gruppen AS,Bank og forsikring,2020
Produktansvarlig for HelseID,Produkt- og tjenesteansvar,,,,Norsk Helsenett SF,Helse,2019
Prosjekt- og prosessleder for prosjektet OU for styrings-organiserings-og ledelsesdivisjonen,Prosjektledelse,"Struktur, metodikk og faglig ekspertise i prosjekt- og prosessledelse.",Erfaring med å lede utviklingsprosjekter i offentlig sektor.,"Evne til å skape gode rammer for prosjektgruppen, involvering og fleksibilitet til å arbeide med innspill.",Direktoratet for økonomistyring,Offentlig og stat,2020
Prosjektleder - sikker bruk av digitale tjenester,Prosjektledelse,Planlegge og sørge for gjennomføring av tiltak for sikker bruk av BankID i digitale tjenester.,"Erfaring med koordinering med faglige fora både teknisk og juridisk, samt rapportering til styringsgruppe og ledelse.",Evne til å sikre faglig godt arbeid i arbeidsgrupper og gjennomføring av sikringstiltak.,Bits AS,Bank og forsikring,2020
Prosjektleder ny smittesporings-app,Prosjektledelse,"God teknisk innsikt, løsningsorientert, metodikk pragmatisk, sikrer forankring","Erfaring med å lede utviklings-, utredning- og anskaffelsesprosjekter","Selvgående, strukturert, produktiv, liker varierte oppgaver",Folkehelseinstituttet,Helse,2020
"Samfunnsøkonom i PMO, program kodeverk og terminologi",Økonomi og analyse,"Spesialisert kompetanse i utforming av normeringsdokumenter, prosess, rådgivningsevne, formuleringsevne",Erfaring fra arbeid i komplekse områder med mange interessenter og teamledelse,"Håndtering av ledere hos kunden, involvering av sektor i utredningsmandat",Direktoratet for e-helse,Helse,2020
Prosjektleder for boliglånkampanje,Prosjektledelse,"Erfaring med prosjektgjennomføring innen bank og forsikring, kunnskap om compliance, personvern og risiko",Erfaring med utviklingsarbeid og pilotgjennomføring i banksektoren,"Strukturert, samarbeidsorientert, evne til å følge opp utviklingsarbeid og sikre leveranser",Sparebank 1 Utvikling,Bank og forsikring,2020
Teamleder RuterSalg og RuterKontroll,Lede agilt team,,Erfaren teamleder med erfaring innen utvikling og forvaltning av systemer,Evne til å lede team basert på smidig metodikk og DevOps-prinsipper,Ruter AS,Offentlig og stat,2020
Rådgiverrolle for helhetlig virksomhetsstyring,Rådgivning forretning,"Ekspertise innen organisasjonsutvikling, ledelse og styring",,,Lørenskog kommune,Kommuner,2020
Prosjektledelse for organisasjonsendringer i STYV,Prosjektledelse,"Erfaring med planlegging, gjennomføring og evaluering av prosjekter",,,Lørenskog kommune,Kommuner,2020
Faglig rådgivning for organisasjonsutvikling og ledelse i STYV,Rådgivning forretning,"Kunnskap om organisasjonsutvikling, ledelse og styring",,,Lørenskog kommune,Kommuner,2020
Rådgiver og prosjektleder for Vipps leverandørstyring,Rådgivning teknisk,"Kompetanse innen rammeverk for innkjøp, leverandørstyring, IT-avtaler og governance modeller, samt erfaring med IT Sourcing strategi","Erfaring med etablering av rammeverk for innkjøp og leverandørstyring, QA av avtalene og utkontrakteringsprosesser",Strukturerte og analytiske egenskaper,Vipps AS,Bank og forsikring,2020
Prosjektleder Euronext VPS Prisprosjektet 2022,Prosjektledelse,"Kompetanse innen prosjektledelse, funksjonell løsningsarkitektur, Java/Openshift utvikling, analyse og utvikling av prismodeller, integrasjoner og automatisering av prosesser.","Erfaring med prosjektledelse, arbeid med internasjonale team, utvikling av simulerings- og faktureringsmodeller samt håndtering av teknisk gjeld.","God selvledelse under arbeidsbelastning, evne til å jobbe i internasjonale miljøer, veiledning- og opplæringsevner.",Euronext Securities Oslo,Bank og forsikring,2020
Konsulent for gjennomgang av kjerneprosesser innen HR,Rådgivning forretning,"Senior HR faglig strategisk kompetanse innen arbeidsrett, leder- og medarbeiderutvikling, systematisk HR og HMS","Erfaring med utvikling, oppbygning og implementering av kjerneprosesser innen HR og organisasjon, samt rutiner og arbeidsmetoder innen HR tilpasset digitale verktøy og gjeldende bestemmelser",,Norsk kulturråd,Offentlig og stat,2021
Prosjektleder for anskaffelse av ny statlig fellesavtale for PC-utstyr og tjenester,Prosjektledelse,"Kommunikasjon, ledelse av innkjøpsprosjekter, kjennskap til EU-supply KGV","Erfaring med offentlige anskaffelser, erfaring med prosjektledelse","Strukturert, analytisk, besluttsom",Direktoratet for økonomistyring,Offentlig og stat,2021
Anskaffelsesfaglig rådgiver for mobile enheter og AV-utstyr,Rådgivning teknisk,"Utforming av konkurransebestemmelser, kjennskap til teknisk utstyr som mobile enheter og AV-utstyr",Erfaring med anskaffelser av teknisk utstyr,"Kreativ, initiativrik, teknisk forståelse",Direktoratet for økonomistyring,Offentlig og stat,2021
Løsningsarkitekt og prosjektstøtte,Løsningsarkitektur,Kompetanse innen IAM og arkitekturutvikling for kliniske løsninger,"Erfaring med IAM design, anskaffelsesprosesser, og arkitekturrådgivning i helse-sektoren","Gode koordineringsevner, beslutningsstøtte, og evne til å sikre tjenester",Sykehuspartner,Helse,2021
Assisterende programleder,Programledelse,"Spesialisert kompetanse i helse og IKT, erfaring med SNOMED CT og nasjonale kodeverk.","Erfaring med programledelse i helsesektoren, spesielt knyttet til kodeverk og terminologi.",Sterk myndighetsutøvelse og evne til å forvalte standarder i et økosystem av ulike aktører.,Direktoratet for e-helse,Helse,2021
Faglig rådgiver og utreder,Rådgivning forretning,,,,KS,Kommuner,2021
Prosjektleder for digitaliseringsprosjekt eiendomsforvaltning,Prosjektledelse,,,,Helse Sør-Øst RHF,Helse,2021
EPJ-arkitekt,Løsningsarkitektur,"Spesialkompetanse innen EPJ-arkitektur, klinisk innhold og informasjonsmodeller for EPJ-systemer.","Erfaring med implementering og bruk av EPJ-systemer i spesialisthelsetjenesten, migrering av data eller konvertering. Direkte erfaring med arkivuttrekk fra EPJ er en fordel.",,Arkivverket,Offentlig og stat,2021
Administrativ prosjektleder innen e-helse,Prosjektledelse,,,,Arkivverket,Offentlig og stat,2021
Assisterende fagdirektør IT,Midlertidig lederrolle,,"Erfaring innen leverandørstyring, oppdatering av virksomhetsarkitekturen, forbedring av OID-forvaltning samt utvikling av felles begrepshåndbok.",,Arkivverket,Offentlig og stat,2021
Testleder for Administrative IKT-del,Test og kvalitetsikring,"Felles Økonomi, HR, Arkiv-system med tilhørende integrasjoner",Erfaring med test og kvalitetssikring av FDV-systemer,,Oslobygg KF,Kommuner,2021
Endringsleder for Opplæring og kommunikasjon,Endringsledelse,"Planlegge og tilrettelegge opplæringsmateriell, produsere kommunikasjonsmateriell",Erfaring med å planlegge og gjennomføre IT-bistand under lanseringsdager,,Oslobygg KF,Kommuner,2021
Testleder for Basis IKT-del,Test og kvalitetsikring,"Praktisk og teknisk lansering, oppsett av ny bruker, e-post, filområde","Erfaring med planlegging og gjennomføring av pilotering, møteledelse for tekniske ressurser",,Oslobygg KF,Kommuner,2021
Prosesslederstøtte i fremtidens arbeidsformer,Prosessledelse og fasilitering,"Kartlegging av behov og løsninger for hybride arbeidsformer, utvikling av beste praksis for samhandling og ledelse.","Erfaring med prosessledelse i komplekse prosjekter, samt erfaring med tillitsbasert ledelse, målstyring og relasjonsledelse.","Evne til å se virksomhetsstyring, ledelse og medarbeiderutvikling i sammenheng.",Lånekassen,Offentlig og stat,2021
Innføringskoordinator MF Helse,Prosjektledelse,Kompetanse i prosjektledelse og koordinering innen helsesektoren,Erfaring med innføring og koordinering av IT-løsninger i helsesektoren,"Sterk evne til å klargjøre og koordinere arbeidet med innføring av nye IT-løsninger, oppfølging av interessenter",Direktoratet for e-helse,Helse,2021
Oppdragsleder for kartlegging av drift og forvaltning av statens IKT-løsninger,Rådgivning teknisk,"Evne til å utforme, gjennomføre og analysere spørreundersøkelser. Kompetanse i bruk av Netigate, PowerBI og R.",Erfaring med ledelse og gjennomføring av kartleggingsprosjekter på statlig nivå.,Evne til regelmessig kommunikasjon med oppdragsgiver og resultatorientert tilnærming.,Kommunal- og moderniseringsdepartementet,Offentlig og stat,2021
Seniorrådgiver,Offentlig kvalitetssikring,"Kvalitetssikring av styring og organisering av programmet, vurderinger knyttet til endringene i organisering av IKT-virksomheten",Erfaring med kvalitetssikring i offentlig sektor,"Omfattende dialog ferdigheter, evne til å arbeide med usikkerhetsanalyser",Finansdepartementet,Offentlig og stat,2021
Seniorrådgiver,Offentlig kvalitetssikring,Kvalitetssikring av kontraktsstrategi,Erfaring med kontraktsstrategi i offentlig sektor,"Omfattende dialog ferdigheter, evne til å arbeide med usikkerhetsanalyser",Finansdepartementet,Offentlig og stat,2021
Rådgiver,Offentlig kvalitetssikring,Kvalitetssikring av kostnadsgrunnlag og gjennomføring av kvantitativ usikkerhetsanalyse,Erfaring med kostnadsanalyse og usikkerhetsanalyser,"Omfattende dialog ferdigheter, evne til å arbeide med usikkerhetsanalyser",Finansdepartementet,Offentlig og stat,2021
Seniorkonsulent,Offentlig kvalitetssikring,Støtte til arbeid med usikkerhetsanalyse og generell prosjektstøtte,Erfaring med prosjektledelse og usikkerhetsanalyser,"Omfattende dialog ferdigheter, evne til å arbeide med usikkerhetsanalyser",Finansdepartementet,Offentlig og stat,2021
Kvalitetssikring for KS2 Mime LB2,Offentlig kvalitetssikring,"Erfaring med usikkerhetsanalyse, kostnadssikring, organisering og kontraktstrategi, og kjennskap til Veileder for Digitaliseringsprosjekter i Statens prosjektmodell R-108/19, MSP, PRINCE2",Erfaring med kvalitetssikring av store offentlige prosjekter,Gode analytiske evner og evne til å lede kvalitetssikringsprosesser,Finansdepartementet,Offentlig og stat,2021
Prosjektleder for prosjekt 'Charge Courts',Prosjektledelse,"Erfaring med prosjektorganisasjon, administrasjon, møteledelse, og forhandling",Erfaring med å jobbe med investeringsprosesser og prosjektplanlegging,"Strukturert, god kommunikasjonsevne, evne til å etablere dialog med eiere/forvaltere",Recharge AS,Handel og industri,2021
Bistand endringsledelse,Endringsledelse,Kompetanse innen ACMP rammeverket for endringsledelse,"Erfaring med interessentanalyse, kommunikasjon og forankring på organisasjons- og individnivå",Strukturert tilnærming og gjennomføring av endringsarbeidet,Bits AS,Bank og forsikring,2021
Senior prosjektstøtte Nasjonal styringsmodell,Prosjektledelse,"Kompetanse i porteføljestyringsmetodikk som MOP, MSP, og bruk av verktøy som Zoho Creator","Erfaring med nasjonal porteføljestyring, utvikling og forvaltning innen e-helse, samt rådgivning innen økonomistyring, gevinststyring, leverandørstyring og finansiering","Evne til å bidra strategisk og operativt, styrke gjennomføringsevnen, effektivisere arbeidsprosesser og verktøyutvikling",Direktoratet for e-helse,Helse,2021
Prosessleder for oppfølgingsplan autorisasjonsprøven,Prosessledelse og fasilitering,"Kunne rigge og planlegge arbeidet, lede og fasilitere fagdiskusjoner både internt og eksternt",Erfaring med å lede planlegging og skrive den endelige planen,"Ta lederskap, kunne oppsummere etter møter",OsloMet,Offentlig og stat,2021
Prosessleder Kontraktsforvaltning,Prosessledelse og fasilitering,Erfaring med offentlige anskaffelser og smidig prosessledelse,Erfaring med ledelse av tverrfaglige prosjekter og prosesser,"Høy etisk standard, bevissthet rundt likebehandling, evne til å bygge bro mellom tverrfaglig miljø, ikke redd for å ta opp utfordringer",Ruter AS,Offentlig og stat,2021
Prosessleder til prosjekt grunndata og tillitstjenester,Prosessledelse og fasilitering,,,"Aktivt forhold til ønskede gevinster, bidra til realisering",Direktoratet for e-helse,Helse,2021
Prosjektleder for digitalisering i koronavaksinasjonsprogrammet,Prosjektledelse,,,,Folkehelseinstituttet,Helse,2021
Prosjektleder for prosjektet Bedre digitalt samspill,Prosjektledelse,"Prosjektledelse, prosessledelse, innovasjons- og endringsledelse, organisasjonsutvikling, prosjektveiviseren, PRINCE2, smidig metodikk, gevinstrealisering, strategiutvikling, kunnskapsinnhenting og styringsgruppesaker","Analytisk tilnærming, endringsledelse, teft for pragmatiske løsninger, samarbeid med ulike fagmiljøer og ledere","Analytisk, endringsdyktig, pragmatisk, samarbeidsorientert",Drammen kommune,Kommuner,2021
Prosjektleder SAMDATA,Prosjektledelse,,,"Det overordnede perspektivet, sørge for fremdrift og struktur, sikre godt tverrfaglig samarbeid, god kvalitet i prosjektets prosesser og leveranser",Ruter AS,Offentlig og stat,2021
Konverteringsansvarlig for sykehusapoteksystemet Klara,Løsningsarkitektur,"Kompetanse i migrering/datakonvertering, kunnskap om ERP-systemer, Excel Power Query og SQL.",Erfaring med koordinering av komplekse systemmigreringsprosjekter og datakonvertering.,"Evne til å samarbeide tett med fagressurser, systemkonsulenter og testledere, analytisk og strukturert.",Sykehusapotekene,Helse,2021
Prosjektleder for konseptfasen av regionalt EEG-system,Prosjektledelse,"Kompetanse innen prosjektledelse, erfaring med konseptutredning og regional utvikling innen helse","Erfaring med helseprosjekter, implementering av regional programvare og utstyr, og forståelse for grensesnitt og integrasjoner",Evne til å legge til rette for økt samhandling rundt pasientforløp og effektiv utnyttelse av spesialistkompetanse,Helse Sør-Øst RHF,Helse,2021
Prosjektleder for reskontro-løsning,Prosjektledelse,Kunnskap om reskontroløsninger og erfaring med prosjektledelse,"Erfaring med å planlegge og lede migrering samt sanering av reskontrosystemer, og jobbe tett med produkteiere",Gode samarbeids- og rapporteringsegenskaper,LO,Handel og industri,2021
Prosjektleder for revisjon av driftsleverandør,Offentlig kvalitetssikring,"Kompetanse innen ISO27001, ISO9001, ISO14000, kvalitetssikring",,,Digitaliseringsdirektoratet,Offentlig og stat,2021
Gevinstanalyse rådgiver,Rådgivning forretning,Metode for gevinstkartlegging og -systematisering,,,Kristiansand kommune,Kommuner,2021
Prosjektleder Forprosjekt Medlemssystem,Prosjektledelse,,,,LoFavør,Bank og forsikring,2022
Implementering porteføljestyringsprosess,Prosjektledelse,,,,Lørenskog kommune,Kommuner,2022
Revisjon digitaliseringsstrategi,Virksomhetsarkitektur,,,,Lørenskog kommune,Kommuner,2022
Arkitekturstyring,Virksomhetsarkitektur,,,,Lørenskog kommune,Kommuner,2022
Prosjektledelse/støtte interne prosjektledere,Prosjektledelse,,,,Lørenskog kommune,Kommuner,2022
Prosjektleder for prosjektøkonomisystem,Prosjektledelse,,,,Lørenskog kommune,Kommuner,2022
Prosjektleder for ERP-konseptutredning,Virksomhetsarkitektur,"Erfaring med ERP-systemer, konseptutredning og skybaserte løsninger",Prosjektledelse i komplekse IKT-prosjekter og kjennskap til kommunal sektor,Gode koordinasjonsegenskaper og evne til å lede møter,Lørenskog kommune,Kommuner,2022
Virksomhetsarkitekt,Virksomhetsarkitektur,"Kunnskap om virksomhetsarkitektur og styringsverktøy, evne til å kartlegge behov og utvikle arkitekturmålbilde","Erfaring med behovskartlegging, markedsanalyse, business case utvikling og konvertering av teknologiske løsninger i store organisasjoner","Selvstendig fremdriftsansvar, gode samarbeidsevner, evne til å drive workshops og intervjuer",Statens vegvesen,Offentlig og stat,2022
Prosjektleder for CMS HSØ New build forprosjekt,Prosjektledelse,Skal ha ansvar for utredning av driftsformer for ny CMS versjon på IRIS/Cache plattform,Erfaring med utredning for oppgradering til ny driftsplattform og evaluering av skyløsninger,Forståelse for lukket legemiddelsløyfe og medikamentell kreftbehandling,Sykehuspartner,Helse,2022
"Delprosjektleder Telemark, Sunnaas, Østfold og Innlandet",Prosjektledelse,God forståelse av prosjektmetodikk for omlegging av Windows 10 klienter og erfaring med medisinteknisk og byggteknisk utstyr.,Erfaring med ledelse av prosjektteam på tvers av flere helseforetak og håndtering av komplekse systemer.,"Evne til koordinere og tilpasse seg endringer, samt god styring av delprosjekter.",Sykehuspartner,Helse,2022
Ekstern kvalitetssikrer,Offentlig kvalitetssikring,"Skatteetatens retningslinjer for kvalitetssikring, smidig arbeidsmetodikk, A-2s metode for kvalitetssikring og beste praksis, kunnskap om Azure, PowerBI, DataLake, DataMesh.","Erfaring med prosess- og arbeidsledelsesansvar, erfaring i å gi uavhengige råd, erfaring med dokumentgjennomganger og intervjuer.","Evne til å gi råd og veiledning til programeier og ledelse, god kommunikasjonsevne for å presentere rapporter i relevante fora.",Skatteetaten,Offentlig og stat,2022
Prosjektleder for prosjekt EVAP,Prosjektledelse,Erfaring med konseptutredning og kartlegging av IT-løsninger,Erfaring med ledelse av prosjekter innen datahåndtering og kvalitetsforbedring,Skal kunne lede prosjektteam og levere i henhold til fastsatte rammer,Integrerings- og mangfoldsdirektoratet (IMDi),Offentlig og stat,2022
Prosessleder for strategiske anskaffelser,Prosessledelse og fasilitering,"Erfaring med offentlige anskaffelser, smidig prosessledelse og tverrfaglige prosjekter.","Erfaring med ledelse av tverrfaglige prosjekter og prosesser, samt kontraktsoppfølging.","Høy etisk standard, evne til å bygge bro, ta ansvar, nysgjerrig, skape relasjoner, og pådriver for kontraktsefterlevelse.",Ruter AS,Offentlig og stat,2022
Kvalitetssikring for KS samordna opptak,Offentlig kvalitetssikring,"Kompetanse innen samfunnsøkonomisk analyse, vurdering av teknisk forhold og prosjektkvalitetssikring.","Erfaring med prosjektkvalitetssikring i henhold til utredningsinstruksen, Prosjektveiviseren og Statens prosjektmodell.","Nøyaktighet, analytiske evner, evne til å identifisere og vurdere samfunnsrelaterte problemer.",Finansdepartementet,Offentlig og stat,2022
Kvalitetssikring av konseptvalgutredning (KS1),Offentlig kvalitetssikring,,,,Finansdepartementet,Offentlig og stat,2022
Kvalitetssikringskonsulent for KS2 FNSM,Offentlig kvalitetssikring,"Kunnskap om kvalitetssikring iht Rundskriv, erfaring med kontraktsstrategi og fallgruver/suksessfaktorer","Erfaring med prosjektorganisering, styring og kontrakts-/anskaffelsesstrategi samt tidligere erfaring med lignende kvalitetssikringsprosjekter","Gode kommunikasjonsferdigheter, evne til å lede intervju og delta effektivt i møter",Finansdepartementet,"Offentlig sektor, forsvarssektoren",2022
Kvalitetssikrer for KS2 Nedre Glomma,Offentlig kvalitetssikring,"Erfaring med Statens prosjektmodell R-108/19, PRINCE2 og andre relevante prosjektstyringsmetodikker",Erfaring med kvalitetssikring av finansieringsplaner og vurdering av trafikkgrunnlaget i bompengepakker,Evne til å samarbeide med forskjellige statlige organer og prosjektgrupper,Finansdepartementet,Offentlig og stat,2022
Lederstøtte Team Produkt- og tjenesteforvaltning,Produkt- og tjenesteansvar,Stor interesse for digitale kommunikasjonsløsninger.,"Erfaring med avdelings- og teamledelse, ledelse av team, og produkter for videoløsninger i akuttmedisinsk kjede.",Kreativitet og god teknologiforståelse.,Helsetjenestens driftsorganisasjon for nødnett HF,Helse,2022
Prosessleder for OU divisjon kvalitet og forløp,Prosessledelse og fasilitering,Kompetanse i utviklingsprosess og forbedring av samhandling,Erfaring fra planlegging og fasilitering av utviklingsprosesser og workshops,Involverende og målrettet,Helsedirektoratet,Helse,2022
PL Datamigrering TietoEvry og ansvar fusjoner,Prosjektledelse,"Sterk bankfaglig kompetanse, ledelse og koordinering",,,Eika Gruppen AS,Bank og forsikring,2022
Produkteier kapitalberegning datavarehus,Produkt- og tjenesteansvar,"Kunnskap om kapitalberegninger, kjennskap til sikkerhetsstandarder som Basel-rammeverkene, og erfaring med verktøy som Jira og Confluence.","Erfaring med produktledelse for risiko og kapitalberegninger, samt erfaring med SAFE metodikk.","Evne til å definere visjon og sette retning for produktet, samt prioritere teamets oppgaver.",SpareBank 1 Utvikling,Bank og forsikring,2022
Programledelse,Programledelse,,,,NVE,Offentlig og stat,2022
Programleder for digitalisering i divisjon Transport og Samfunn,Programledelse,"Erfaring med digital transformasjon, strategisk programetablering, og gevinstrealiseringsplaner.","Erfaring med etablering og organisering av programmet, samt operativ ledelse og endringsledelse.","Kundeorientering, evne til å arbeide med kontinuerlig leveranse av forbedrede og nye tjenester.",Statens vegvesen,Offentlig og stat,2022
Project Support & IT Coordinator,Prosjektledelse,"Koordinere IT-aktiviteter, fasilitere prosjektmøter, møtekoordinering, vedlikeholde prosjektdokumenter",,,Ice,Handel og industri,2022
Prosjektleder for smittevern og beredskap,Prosjektledelse,Digital samhandling og prosjektgjennomføring innen koronasertifikat og øvrige nye teknologiske løsninger for Folkehelseinstituttet.,Erfaring med pandemirelaterte teknologi- og digitaliseringsprosjekter samt samhandling på tvers av organisasjoner.,Evne til å lede og bidra i operativt administrativt arbeid.,Folkehelseinstituttet,Helse,2022
Prosjektleder - SP - LAB Lukket nett,Prosjektledelse,"Gjenoppbygge tillit, samarbeide med tekniske ressurser, sikring av kommunikasjon, etablere rapporteringsrutiner, styringskomité etablering og forankring av estimering og tidsplan","Erfaring med flytting av kritiske systemer, arbeid på prosjekt som har vært i uorden, løse tekniske problemer","God kommunikasjonsevne, samarbeidsevne, problemløsning",Sykehuspartner,Helse,2022
Prosjektleder for konseptfase – egenvurderingsverktøy,Prosjektledelse,Kunne gjennomføre innsiktsfase etter Utredningsinstruksen inkludert intervjuer med relevante aktører. Utføre kost-/nyttevurdering og utredning av løsningskonsepter.,Erfaring med utredninger knyttet til regelverksetterlevelse og digitalisering i offentlig sektor.,Analytisk og resultatfokusert med gode kommunikasjonsferdigheter.,Integrerings- og mangfoldsdirektoratet (IMDi),Offentlig og stat,2022
Prosjektleder Migreringsprosjekt Sparing og Plassering,Prosjektledelse,"Beherske PRINCE2, Teams, JIRA, Zephyr, Confluence",Erfaring med migrering av data i banksektor,"Evne til å lede komplekse prosjekter, gode kommunikasjonsevner, evne til tett dialog med forretningssiden og tekniske ressurser",Handelsbanken,Bank og forsikring,2022
Prosjektleder for samhandlingsløsninger,Prosjektledelse,"Erfaring med prosjektledelse for samhandlingsløsninger, kjennskap til UDs prosjektmetodikk","Evne til å lede både tekniske og ikke-tekniske ressurser, erfaring med parallelle prosjekter","Gode kommunikasjonsferdigheter, evne til å lede og koordinere prosjektteam",Utenriksdepartementet (UD),Offentlig og stat,2022
Prosjektleder for rasjoneringsberedskapsprosjekt,Prosjektledelse,,,,Norges vassdrags- og energidirektorat (NVE),Offentlig og stat,2022
Samling om endringsledelse,Kurs og opplæring,Kunnskap innenfor endringsledelse,,,Sykehusapotekene,Helse,2022
Sikkerhetsarkitekt,Løsningsarkitektur,Kartlegge og dokumentere eksisterende sikkerhetsarkitektur,Erfaring med å gjennomføre samtaler/arbeidsmøter med nøkkelpersonell og dokumentere funn,Evne til å skape enkle oversikter for TO-be og AS-is arkitektur,Fremtind Forsikring AS,Bank og forsikring,2022
Støtte til biblioteksdirektøren ifm omstilling,Endringsledelse,,,,"Oslo Kommune, Deichman",Kommuner,2022
Teknisk prosjektleder Boligselgerforsikring,Prosjektledelse,"Agil utvikling, leverandørstyring, business case utarbeidelse, produktledelse gjennom smidige prinsipper","Erfaring med utvikling av IT-løsninger, forvaltning, oppfølging av ekstern IT-leverandør","Tydelig kommunikator, evne til å profesjonalisere drift og forvaltning",Fremtind Forsikring AS,Bank og forsikring,2022
Rådgiver for Zoho porteføljestyring,Rådgivning teknisk,Spisskompetanse på verktøyet Zoho.,Erfaring med porteføljestyring og utvikling innen fagfeltet.,Evne til å samarbeide tett med prosessleder og fagressurser,Direktoratet for e-helse,Helse,2022
Prosjekt-/prosessledelse for gjennomføring av anskaffelser,Prosessledelse og fasilitering,God kjennskap til terskelverdier for offentlige anskaffelser og prosedyrer og betingelser knyttet til disse.,,,Norges vassdrags- og energidirektorat (NVE),Offentlig og stat,2023
Prosjektleder digitalisering,Prosjektledelse,,,,LO,Bank og forsikring,2023
Lederstøtte til etatsdirektøren,Midlertidig lederrolle,Kompetanse i organisasjonsutvikling og forhandlinger,Erfaring fra lederstøtte og organisering av toppledelse,Evne til å gjennomføre kartlegging og utvikle forslag til ny organisering,"Oslo Kommune, Deichman",Kommuner,2023
Faglig rådgiver i forhandlinger,Rådgivning forretning,Kompetanse i forhandlingsteknikk og rådgivning,Erfaring fra arbeidsrettslige forhandlinger,Gode kommunikasjons- og forhandlingsevner,"Oslo Kommune, Deichman",Kommuner,2023
Kvalitetssikrer for Altinn 3 styringsdokument,Offentlig kvalitetssikring,"God dokumentert erfaring med tilsvarende rolle som intern kvalitetssikrer, erfaring med store digitaliseringsprosjekter i offentlig sektor, erfaring som ekstern kvalitetssikrer iht Statens prosjektmodell","Erfaring med store digitaliseringsprosjekter i offentlig sektor, inkl. erfaring som ekstern kvalitetssikrer iht Statens prosjektmodell, erfaring fra samarbeid med departement og etatsledelse","Gode analytiske egenskaper, evne og vilje til tydelig å formidle observasjoner, funn, vurderinger og råd på en forståelig måte",Digitaliseringsdirektoratet,Offentlig og stat,2023
Generell rådgivning og prosessledelse,Prosessledelse og fasilitering,,,,Digitaliseringsdirektoratet,Offentlig og stat,2023
"Category Manager, Products",Prosjektledelse,"Kompetanse i kategori- og innkjøpsledelse, bruk av Power BI, utarbeidelse av funksjonelle og tekniske spesifikasjoner, kommersielle forhandlinger","Erfaring med ledelse av anskaffelsesprosesser, organisering av demo/proof-of-concept tester, utarbeidelse av kontrakter, leverandørforhandlinger, kontraktstyring, og spendanalyse","Evne til å lede forhandlinger, samarbeid med eksperter og interessenter, kvalitetssikring ferdigheter",Wilhelmsen Ships Services AS,Handel og industri,2023
Prosjektleder for Core Bank oppgradering,Prosjektledelse,Kunnskap om prosjektledelse med spesielt fokus på bankoppgraderingsprosjekter.,"Erfaring med håndtering av store IT-oppgraderingsprosjekter, inkludert koordinering med flere team og gjennomføring av risikoanalyser.","Evne til effektiv planlegging, koordinering og oppfølging, samt håndtere avvik fra plan.",Santander Consumer Bank AS,Bank og forsikring,2023
Testleder for Core Bank oppgradering,Test og kvalitetsikring,"Kunnskap om testledelse, spesielt i forbindelse med bankapplikasjoner.","Erfaring med testplanlegging og forberedelse, samt oppfølging av testaktiviteter.","Detaljfokus, god kommunikasjon med team, og evne til å håndtere identifiserte feil.",Santander Consumer Bank AS,Bank og forsikring,2023
Prosjektleder for Elhub prosjekt,Prosjektledelse,Erfaring med datautleveringsavtaler og håndtering av datasett fra energisektoren.,"Bistand med utarbeidelse av avtaleforslag, høringsnotat og håndtering av datasett.",Gode evner til å interagere med IT-avdeling og samarbeide med nøkkelpersoner innen fag- og analysesiden.,NVE,Offentlig og stat,2023
HR utvikling Nordic,Ingen,,,,Nordic Office og Architectura,Handel og industri,2023
Støtte på endringsledelse,Endringsledelse,Kompetanse på endringsledelse i offentlige prosjekter,Erfaring med endringsledelse i IT-løsninger for offentlige virksomheter,Evne til å veilede og støtte i endringsprosesser,Direktoratet for økonomistyring,Offentlig og stat,2023
Støtte på lavkodeutvikling,Rådgivning teknisk,Kompetanse på lavkodeutvikling i IT-prosjekter,Erfaring med utvikling av IT-løsninger ved bruk av lavkodeplattformer,Kreativ tenkning for utvikling av MVP,Direktoratet for økonomistyring,Offentlig og stat,2023
Kvalitetssikrer for konseptvalgutredning,Offentlig kvalitetssikring,Kompetanse i kvalitetssikring av konseptvalgutredninger i henhold til Statens prosjektmodell R108/23.,Erfaring med vurdering og analyse av grunnleggende forutsetninger i kontekst av KVU.,,Finansdepartementet,Offentlig og stat,2023
Intern kvalitetssikring,Offentlig kvalitetssikring,,,,Finansdepartementet,Offentlig og stat,2023
"Organisering, styring og kontraktstrategi",Offentlig kvalitetssikring,,,,Finansdepartementet,Offentlig og stat,2023
Kontraktstrategi,Offentlig kvalitetssikring,,,,Finansdepartementet,Offentlig og stat,2023
Prosjektleder for utvikling av MS Dynamics365 verktøy,Prosjektledelse,"Kompetanse innen prosjektledelse, spesielt for CRM verktøy og integrasjoner","Erfaring med ledelse av komplekse IT-prosjekter, spesielt innen implementering og utfasing av CRM-systemer","Ledelsesegenskaper, evne til å rapportere til styringsgrupper, evne til å lede store team",Tine,Handel og industri,2023
"Rådgivning, organisasjonsutvikling og endringsledelse",Endringsledelse,Ikke spesifisert,Ikke spesifisert,Ikke spesifisert,Fagerstad,Handel og industri,2023
Prosjektleder for prosjekt JulES Utprøving,Prosjektledelse,,,,NVE,Offentlig og stat,2023
Prosjektleder Customer Success Center,Prosjektledelse,"Prince2 Agile, kunnskap om CRM og telefoni systemer","Erfaring med implementering av SaaS- og PaaS-løsninger, erfaring med komplekse integrasjoner og prosjektledelse","Evne til planlegging, arbeide tett med ledelse, ansvar for oppfølging og rapportering",Handelsbanken,Handel og industri,2023
Prosjektleder Foreningsavtaler,Prosjektledelse,,,,Handelsbanken,Bank og forsikring,2023
Prosjektleder for LØFT,Prosjektledelse,,,,SpareBank 1 Utvikling,Bank og forsikring,2023
"Prosjektleder Tjenestekatalog, Reskontro, Medlemspakker",Prosjektledelse,,,,LOfavør,Bank og forsikring,2023
Prosjektstøtte implementering av etatens rundskriv,Endringsledelse,"Microsoft office, prosessledelse",,,NAV,Offentlig og stat,2023
Kvalitetssikrer for Felles IKT-tjenester,Offentlig kvalitetssikring,"Kompetanse innen sourcingstrategi, organisering og styring, kalkyler og kostnadsrammer.",Erfaring med kvalitetssikring av store IT-programmer og vurdering av programstrategi og styringsmodeller.,"Evne til å gi anbefalinger basert på analyser av kostnader, tidsplaner, og kvalitetsmål.",Finansdepartementet,Offentlig og stat,2023
Prosjekt- og prosessleder,Prosjektledelse,"Kunnskap om offentlige anskaffelser, sikkerhetsgraderte anskaffelser, leveransemodeller, kontraktsmodeller, SSA-rammeverket, prosjekt- og prosessledelse",,,Gassco AS,Handel og industri,2023
Eksptertstøtte på sourcingstrategier,Rådgivning teknisk,,,,Gassco AS,Handel og industri,2023
Løsningsarkitekt til prosjekt,Løsningsarkitektur,"Identifikasjon, modellering og implementering av ulike arkitektoniske konsepter og alternativer, arkitekturvurderinger, vurdering av teknologiske forslag og valg",,,Folkehelseinstituttet,Helse,2024
Prosjektleder/utredningsleder,Prosjektledelse,"Bruk av Cynevin-rammeverket, Prosjektveiviseren, Utredningsinstruksen, Instruks og Veileder for samfunnsøkonomisk analyse, Den triple diamanten, Miro, tjenestedesign.","Til erfaring med samfunnsøkonomisk analyse, utredningsarbeid, og involvering med ulike interessenter både i næringslivet og offentlig sektor.","Evne til å planlegge, styre og koordinere komplekst utredningsarbeid.",Helsedirektoratet,Helse,2024
Prosessledelse,Prosessledelse og fasilitering,"Erfaring med implementering av modeller som prioriteringsmodell for workshop, gevinstarbeid, og kost/nytte-vurderinger.","Til erfaring med brede involverings- og forankringsprosesser, samt analyser av store mengder data.",Evne til å fasilitere tverrgående samarbeid og problemforståelse.,Helsedirektoratet,Helse,2024
Prosjekt-/prosessleder for anskaffelse,Prosessledelse og fasilitering,Kunnskap om anskaffelsesprosess og kontraktsstrategi,Erfaring med offentlige anskaffelser og ledelse av anskaffelsesprosjekter,"Samarbeidsevner, evne til å veilede og koordinere",NVE,Offentlig og stat,2024
Prosjekt-/prosessledelse for gjennomføring av anskaffelsen,Prosjektledelse,,,,Norges vassdrags- og energidirektorat (NVE),Offentlig og stat,2024
Prosessdriver for anskaffelser av servere og nettverksutstyr,Prosessledelse og fasilitering,Kunnskap om anskaffelser av servere og nettverksutstyr,Erfaring med anskaffelser i lignende prosjekter i offentlig sektor,Evne til å gjennomføre prosjekter innen planlagt tid og budsjett,Utenriksdepartementet,Offentlig og stat,2024
Prosjektleder for reskontro-løsning utvidelse,Prosjektledelse,,,,LOfavør,Bank og forsikring,2024
Prosjektleder for CSRD Bærekraftsrapportering,Prosjektledelse,Kompetanse om CSRD-direktivet og bærekraftsrapportering,"Erfaring med prosjektledelse, spesielt innen bank og forsikring","Evne til å forankre prosjektet i ulike nivåer i organisasjonen, lede anskaffelser, og navigere internt",Eika,Bank og forsikring,2024
Delprosjektleder til delprosjekt Lokaler,Prosjektledelse,ukjent,ukjent,ukjent,Norges vassdrags- og energidirektorat (NVE),Offentlig og stat,2024
Rådgiver for utarbeidelse av sentralt styringsdokument,Rådgivning teknisk,"Kompetanse innen planlegging, gjennomføring og styring/ organisering",Erfaring fra tilsvarende arbeid med sentrale styringsdokumenter,,Tolldirektoratet,Offentlig og stat,2024
Gjennomføring av oppdrag godkjenningsordning,Prosessledelse og fasilitering,"Kunnskap innen helseteknologier, nasjonale og internasjonale standarder, kravhåndtering og dokumentasjon.","Erfaring med leverandør- og produktoversikt, fasilitering av arbeidsmøter og prosessledelse.","Effektiv prosessledelse, evne til å fremme samarbeid, sterke kommunikasjonsferdigheter.",Helsedirektoratet,Helse,2024
Informasjonsarkitekt,Virksomhetsarkitektur,"Bred IT-faglig bakgrunn, forståelse for informasjonsstrukturer og -flyt, kjennskap til SQL, XML, XSLT, Excel, erfaring fra master data management, arbeide med kodeverk og registre i helsesektoren, evne til helhetstenkning, formidle tekniske beskrivelser gjennom bilder, illustrasjoner, og modeller.","Erfaring innen informasjonsmodeller, verdistrømmer for klinisk informasjon, deltagelse i workshops for løsningsvurderinger, avstemme løsningsforslag mot nasjonale standarder, dokumentere verdistrømmer og arbeidsprosesser, deltakelse i delprosjekter for dataoverføring.","Helhetstenkning, evne til å formidle tekniske beskrivelser til ulike brukergrupper.",Helseplattformen AS,Helse,2024
Informasjonsarkitekt,Virksomhetsarkitektur,"SQL Server, Master Data Services, informasjonsteknologi, MDM-løsninger, integrasjon mot felles tilgangsstyring","Erfaring med utvikling av MDM-løsninger, automatisering av oppgaver, utvikling av XML-rapporter","Kreativitet, innovasjon, evne til å håndtere komplekse datafiler",Helseplattformen AS,Helse,2023
Prosjektleder for prosjekt kommunefordelt energiregnskap,Prosjektledelse,,,,Norges vassdrags- og energidirektorat (NVE),Energi,2024
Teknisk rådgiver for Kompetanseløftet 2.0,Rådgivning teknisk,"Ny teknologi, teknologitrender, utvikling av veikart for teknologiimplementering, bruk av Zoho og OpenAI API",Erfaring med coaching av endringsagenter og utvikling av KI-prototyper,Evne til å løfte kommuner fra passiv konsument til aktiv bruk av teknologi,Di2x - Digitaliseringsinstituttet,Offentlig og stat,2024
Kvalitetssikring for prosjekt Norges arktiske universitetsmuseum,Offentlig kvalitetssikring,"Erfaring med kvalitetssikring av konseptvalgutredninger, kostnadsestimater og usikkerhetsanalyser.","Tidligere deltakelse i prosjekter med ansvar for helhet, fremdrift og kostnadsstyring.",Analytisk med evne til å vurdere og analysere grunnleggende forutsetninger i prosjekter.,Finansdepartementet,Offentlig og stat,2024
Endrings-/Implementeringsleder,Endringsledelse,"Fit-gap-analyse, styrke og påvirke organisasjons- og forretningsprosessendringer, prosjektplanlegging, opplæring, testing, brukerakseptanstesting, overgang og hendelseshåndtering etter igangkjøring",,,Heidelberg Materials,Handel og industri,2024
Seniorkonsulent innen organisasjonsutvikling og endringsledelse,Endringsledelse,Ekspertise og rådgivning innen administrative tjenester og virksomhetskonsolidering,,,Folkehelseinstituttet,Helse,2024
Oppdragsleder for prosjektfaglig støtte forprosjekt,Prosjektledelse,"Kompetanse i prosjektmetodikk, prosjektstrategi, og kvalitetssikring.","Erfaring med utarbeidelse av forprosjekt, prosjektstrategi og prosjektstyringsbasis.",Ingen spesifikke egenskaper nevnt.,Norsk Romsenter,Offentlig og stat,2023
Prosjektleder Datasenter,Prosjektledelse,,,,Bærum kommune,Kommuner,2024
Styrking av virksomhetsarkitektur og -funksjon,Virksomhetsarkitektur,"Forståelse for agile utvikling, kartlegging og analyse, CRM for kunde- og oppgavestyring, erfaring med finansieringsløsninger, AML, data og innsiktarbeid.",Erfaring med å navigere kompleks organisasjon og teknologilandskap.,"Evne til å ta gode helhetlige og fremtidsrettede valg innen teknologi, data, prosesser, tjenester og organisering.",Sparebank 1 Utvikling,Bank og forsikring,2024
Prosjektledelse for Dataforvaltning i EK,Prosjektledelse,"Kompetanse innen dataforvaltning, spesielt relatert til energisektoren.",Erfaring med prosjektledelse innen dataforvaltning og håndtering av kritiske datasett.,,Norges vassdrags- og energidirektorat (NVE),Offentlig og stat,2024
Programleder for program Schiffer,Programledelse,,,,Norges vassdrags- og energidirektorat (NVE),Energi,2024
SaaS Tjenesteansvarlig,Produkt- og tjenesteansvar,"Erfaring med SaaS-løsninger, inkludert sikkerhet, integrasjoner og tilgangskontroll.","Tidligere erfaring med å forvalte tjenester, håndtering av leverandører og følge opp tjenesteavtaler.",Evne til å jobbe tett med leverandører og håndtere daglige henvendelser.,Fremtind Forsikring AS,Bank og forsikring,2024
Prosjektleder for utbedring og oppgradering av WiFi,Prosjektledelse,"Teknisk forståelse, kjennskap til nettverksdesign og offentlig anskaffelse",Erfaring med prosjektledelse og koordinering av tekniske oppgaver,"Evne til å sikre gjennomføring, god kommunikasjon med ulike aktører",Bærum kommune,Kommuner,2024
Prosjektleder for Data og analyseplattform i sky,Prosjektledelse,,,,Fremtind Forsikring AS,Bank og forsikring,2025
Kvalitetssikrer for KS1 Nye Oppsal,Offentlig kvalitetssikring,Ukjent,Ukjent,Ukjent,Oslo Kommune,Offentlig og stat,2025
Prosjekttøtte til Sekretariatet,Prosesstøtte og prosjektledelse,"Må ha kompetanse innen digitale verktøy, slik som Teams, FORMS, ppt, excel og PowerBI.",,,KS,Helse,2025
Prosess/prosjektleder for strategisk allianse,Prosjektledelse,"Kompetanse innen strategiske vurderinger, organisering av samarbeid, modeller for styring og oppfølging.",Erfaring med prosess- og prosjektledelse samt faglig rådgivning for kollektivselskapssamarbeid.,"Evne til strategisk tenkning, inngående bransjeforståelse, evne til samarbeid og forhandling.",Ruter AS,Transport,2016
Fungerende leder TET Digital – avdeling Virksomhetsutvikling,Midlertidig lederrolle,"Kompetanse innen personal- og budsjett-ansvar, partneroppfølging, juridisk og standardiseringsarbeid.","Erfaring med ledelse i ventefasen i påvente av permanent ansettelse, med ansvar for avdelingen.","Gode lederegenskaper, evne til å håndtere komplekse organisasjonsendringer og samarbeid med flere interessenter.",Ruter AS,Transport,2024
Strømleder i etableringen av TET Digital AS,Prosjektledelse,"Ansvar for juridisk og partneroppfølging, og vurderinger knyttet til leverandørkontakter.",Erfaring med separering av digitale miljøer og etablering av nye selskaper.,"Analytiske evner, projektstyringsevner og evne til å vurdere komplekse kontraktsforhold.",Ruter AS,Transport,2023
